fecha;archivo;fila;tema;enunciado;numero
2026-09-27;tema-5_lote-7_60.csv;34;Tema 5 - Derecho de la Unión Europea;Tratado de Funcionamiento de la Unión Europea. Espacio de libertad, seguridad y justicia. En relación con las propuestas e iniciativas legislativas sobre cooperación judicial en materia penal y cooperación policial, los Parlamentos nacionales velarán por que se respete:;
2026-09-28;tema-1_400-optimizado.csv;314;Tema 1 - Derechos Humanos;Convención contra la Tortura. Todo Estado Parte castigará los delitos de tortura:;1
2026-09-29;tema-2_banco_optimizado.csv;117;Tema 2 - Igualdad efectiva de mujeres y hombres;Ley Orgánica para la igualdad efectiva de mujeres y hombres. El derecho al trabajo en igualdad de oportunidades. Los derechos de conciliación de la vida personal, familiar y laboral se reconocerán a los trabajadores y las trabajadoras en forma que:;2
2026-09-30;tema-3_banco-completo.csv;120;Tema 3 - Prevención de riesgos laborales;Ley de Prevención de Riesgos Laborales. Cuando el Inspector de Trabajo y Seguridad Social compruebe la existencia de una infracción, requerirá al empresario para la subsanación de las deficiencias, salvo que:;3
2026-10-01;tema_06_Banco_Preguntas.csv;39;Tema 6 - Instituciones internacionales;Instituciones Internacionales. Organización Mundial de la Salud (OMS). El Consejo Ejecutivo de la OMS está compuesto por:;4
2026-10-02;tema-7_banco-completo.csv;277;Tema 7 - Derecho Civil;Código Civil. De la guarda y acogimiento de menores. Un niño de cuatro años es acogido por una familia mientras se decide la medida de protección que le corresponde. ¿Qué duración máxima tendrá este acogimiento de urgencia?;5
2026-10-03;tema-9_banco-completo.csv;141;Tema 9 - Derecho Procesal Penal;Ley de Enjuiciamiento Criminal. De la detención. El particular que detuviere a otro, si el detenido lo exigiere, deberá justificar:;6
2026-10-04;tema-10_banco-completo.csv;189;Tema 10 - Derecho Administrativo;Ley del Procedimiento Administrativo Común de las Administraciones Públicas. Desistimiento por la Administración. La Administración podrá desistir motivadamente, en los supuestos y con los requisitos previstos en las Leyes:;7
2026-10-05;tema-12_banco-completo.csv;176;Tema 12 - Extranjería. Inmigración;Ley Orgánica sobre derechos y libertades de los extranjeros en España y su integración social. Ingreso en centros de internamiento. ¿Puede acordarse un nuevo internamiento por cualquiera de las causas previstas en un mismo expediente?;8
2026-10-06;tema-13_banco-completo.csv;297;Tema 13 - Seguridad pública y seguridad privada;Ley Orgánica de protección de la seguridad ciudadana. Actuaciones previas. La práctica de actuaciones previas a la incoación del procedimiento:;9
2026-10-07;tema-15_lote-2.csv;26;Tema 15 - Fuerzas y Cuerpos de Seguridad. Guardia Civil;Ley Orgánica de Fuerzas y Cuerpos de Seguridad. De las funciones. En todo caso de actuación fuera de su ámbito territorial, los miembros del Cuerpo Nacional de Policía o de la Guardia Civil deberán:;10
2026-09-27;tema-11_banco_completo.csv;171;Tema 11 - Protección de datos;Ley Orgánica de Protección de Datos Personales y garantía de los derechos digitales. Autoridades de protección de datos. Sin perjuicio de las competencias del Tribunal de Cuentas, la gestión económico-financiera de la Agencia estará sometida al control de:;11
2026-09-27;tema-14_banco_250.csv;31;Tema 14 - Ministerio del Interior. Ministerio de Defensa;Real Decreto por el que se desarrolla la estructura orgánica básica del Ministerio del Interior. ¿Qué órgano planifica y ejecuta la destrucción de los alijos de drogas incursos en las actuaciones de la Policía Nacional y la Guardia Civil contra el tráfico de drogas?;12
2026-09-27;tema-16_banco-completo.csv;354;Tema 16 - Materias socio-culturales;Ley del Sistema Nacional de Protección Civil. Planes de Protección Civil. ¿Qué planes deben ser informados por el Consejo Nacional de Protección Civil a los efectos de su adecuación al Sistema Nacional?;13
2026-09-27;tema-17_BANCO_COMPLETO.csv;94;Tema 17 - Materias técnico-científicas;Ley General de Telecomunicaciones. Salvaguardia de derechos fundamentales. Una medida sobre el acceso de los usuarios finales a servicios y aplicaciones susceptible de restringir derechos y libertades fundamentales solo podrá imponerse si es:;14
2026-09-27;tema-18_banco-completo.csv;77;Tema 18 - Topografía;Topografía. Elementos geográficos. En relación con la declinación magnética, señale la opción CORRECTA:;15
2026-09-27;tema-19_banco-final.csv;65;Tema 19 - Deontología profesional;Real Decreto por el que se aprueba el Código de Conducta del personal de la Guardia Civil. Código de Conducta. En todas sus intervenciones, y cuando las circunstancias lo permitan, los guardias civiles informarán de forma comprensible a las personas con las que traten:;16
2026-09-27;tema-22_banco-completo.csv;283;Tema 22 - Armas y explosivos;Reglamento de Explosivos. Uso de explosivos. Un consumidor habitual de explosivos es de ámbito nacional cuando su actividad se extiende a:;17
2026-09-27;tema-23_banco-completo.csv;107;Tema 23 - Derecho Fiscal;Ley Orgánica de represión del contrabando. Organización funcional. Para facilitar el descubrimiento del contrabando, los organismos y servicios encargados de su persecución podrán establecer contactos e intercambiar información con:;18
2026-09-27;tema-5_banco_completo.csv;68;Tema 5 - Derecho de la Unión Europea;Tratado de la Unión Europea. Disposiciones sobre las instituciones. ¿Quién presidirá el Consejo de Asuntos Exteriores?;19
2026-09-27;tema-1_400-optimizado.csv;362;Tema 1 - Derechos Humanos;Carta de los Derechos Fundamentales de la Unión Europea. Igualdad. Todo niño tiene derecho a mantener de forma periódica relaciones personales y contactos directos con su padre y con su madre:;20
2026-09-27;tema-1_400-optimizado.csv;103;Tema 1 - Derechos Humanos;Estatuto de Roma de la Corte Penal Internacional. A fin de establecer la veracidad de los hechos, el fiscal ampliará la investigación a todos los hechos y pruebas pertinentes y, a esos efectos:;21
2026-09-27;tema-3_banco-completo.csv;78;Tema 3 - Prevención de riesgos laborales;Ley de Prevención de Riesgos Laborales. Riesgo grave e inminente. Cuando el empresario no adopte o no permita adoptar las medidas necesarias, los representantes legales de los trabajadores podrán acordar la paralización de la actividad de los afectados:;23
2026-09-27;tema-5_banco_completo.csv;33;Tema 5 - Derecho de la Unión Europea;Tratado de la Unión Europea. Disposiciones sobre las instituciones. El número de diputados del Parlamento Europeo no excederá de ___, más el Presidente, y no se asignará a ningún Estado miembro más de ___ escaños:;24
2026-09-27;tema-7_banco-completo.csv;349;Tema 7 - Derecho Civil;Código Civil. De la tutela y de la guarda de los menores. ¿A cuál de las siguientes personas NO podrá nombrar tutor la autoridad judicial?;26
2026-09-27;tema-9_banco-completo.csv;265;Tema 9 - Derecho Procesal Penal;Ley del Estatuto de la víctima del delito. En caso de muerte o desaparición causada directamente por un delito, son víctimas indirectas, entre otros, los progenitores y los parientes en línea recta o colateral de la víctima que se encontraren bajo su guarda, dentro del:;27
2026-09-27;tema-10_banco-completo.csv;110;Tema 10 - Derecho Administrativo;Ley del Procedimiento Administrativo Común de las Administraciones Públicas. Informes en responsabilidad patrimonial. Cuando sea preceptivo, el dictamen del Consejo de Estado o del órgano consultivo autonómico se emitirá en el plazo de:;28
2026-09-27;tema-11_banco_completo.csv;81;Tema 11 - Protección de datos;Ley Orgánica de Protección de Datos Personales y garantía de los derechos digitales. Disposiciones aplicables a tratamientos concretos. Sistemas de información crediticia. Si se denegase la solicitud de celebración del contrato como consecuencia de la consulta efectuada al sistema:;29
2026-09-27;tema-12_banco-completo.csv;187;Tema 12 - Extranjería. Inmigración;Ley Orgánica sobre derechos y libertades de los extranjeros en España y su integración social. Procedimiento ordinario. La duración del plazo de cumplimiento voluntario que incluirá la resolución de expulsión tramitada por el procedimiento ordinario oscilará entre:;30
2026-09-27;tema-13_banco-completo.csv;408;Tema 13 - Seguridad pública y seguridad privada;Ley Orgánica de protección de la seguridad ciudadana. Obligaciones de registro documental. Están obligados a realizar las actuaciones de registro documental e información previstas en la normativa vigente los titulares de:;31
2026-09-27;tema-14_banco_250.csv;126;Tema 14 - Ministerio del Interior. Ministerio de Defensa;Real Decreto por el que se desarrolla la estructura orgánica básica del Ministerio del Interior. Según el artículo 9.2, la gestión de las competencias del Ministerio relacionadas con la protección internacional, la apatridia y la protección temporal corresponde a:;32
2026-09-27;tema-15_lote-2.csv;195;Tema 15 - Fuerzas y Cuerpos de Seguridad. Guardia Civil;Ley Orgánica reguladora de los derechos y deberes de los miembros de la Guardia Civil. Del Consejo de la Guardia Civil. Actuará como Secretario del Consejo:;33
2026-09-27;tema-16_banco-completo.csv;366;Tema 16 - Materias socio-culturales;Ley del Sistema Nacional de Protección Civil. Participación de las Fuerzas y Cuerpos de Seguridad del Estado. Los planes de protección civil, en el ámbito de su competencia, podrán asignar funciones a las Fuerzas y Cuerpos de Seguridad del Estado:;34
2026-09-27;tema-17_BANCO_COMPLETO.csv;12;Tema 17 - Materias técnico-científicas;Ley General de Telecomunicaciones. Secreto de las comunicaciones. Las comunicaciones interceptadas deben proveerse al centro de recepción de las interceptaciones con una calidad:;35
2026-09-27;tema-18_banco-completo.csv;166;Tema 18 - Topografía;Topografía. Representación del terreno. ¿Cómo se denomina la distancia vertical entre dos puntos de la superficie continental?;36
2026-09-27;tema-19_banco-final.csv;87;Tema 19 - Deontología profesional;Real Decreto por el que se aprueba el Código de Conducta del personal de la Guardia Civil. Decálogo de los miembros de la Guardia Civil. «Me comportaré siempre con la mayor dignidad, como exigen el Cuerpo al que pertenezco y el uniforme que visto». ¿Qué lugar ocupa este enunciado?;37
2026-09-27;tema-22_banco-completo.csv;34;Tema 22 - Armas y explosivos;Reglamento de Armas. Armas de guerra. Las armas de fuego de calibre inferior a 20 milímetros tienen la consideración de armas de guerra:;38
2026-09-27;tema-23_banco-completo.csv;162;Tema 23 - Derecho Fiscal;Ley Orgánica de represión del contrabando. Supuesto práctico. Una persona, sin actuar a través de organización alguna, posee y comercializa mercancías no comunitarias de lícito comercio valoradas en 30.000 euros sin poder acreditar su lícita importación. ¿Cómo se califica la conducta?;39
2026-09-27;tema-1_400-optimizado.csv;15;Tema 1 - Derechos Humanos;Carta de las Naciones Unidas. La Asamblea General. ¿Qué órgano puede, según la Carta, considerar los principios que rigen el desarme y la regulación de los armamentos y llamar la atención del Consejo de Seguridad hacia situaciones susceptibles de poner en peligro la paz?;40
2026-09-27;tema-2_banco_optimizado.csv;165;Tema 2 - Igualdad efectiva de mujeres y hombres;Ley Orgánica para la igualdad efectiva de mujeres y hombres. El principio de igualdad en el empleo público. El Plan para la Igualdad entre mujeres y hombres en la Administración General del Estado será objeto de negociación, y en su caso acuerdo:;41
2026-09-27;tema-3_banco-completo.csv;49;Tema 3 - Prevención de riesgos laborales;Ley de Prevención de Riesgos Laborales. ¿Sobre cuál de las siguientes cuestiones podrá la Comisión Nacional de Seguridad y Salud en el Trabajo, específicamente, informar y formular propuestas?;42
2026-09-27;tema-5_banco_completo.csv;146;Tema 5 - Derecho de la Unión Europea;Tratado de Funcionamiento de la Unión Europea. No discriminación y ciudadanía de la Unión. ¿Con qué periodicidad informará la Comisión al Parlamento Europeo, al Consejo y al Comité Económico y Social sobre la aplicación de las disposiciones relativas a la no discriminación y la ciudadanía de la Unión?;43
2026-09-27;tema_06_Banco_Preguntas.csv;55;Tema 6 - Instituciones internacionales;Instituciones Internacionales. Organización de las Naciones Unidas para la Agricultura y la Alimentación (FAO). ¿Cuál de los siguientes NO es uno de los comités técnicos de la FAO?;44
2026-09-27;tema-7_banco-completo.csv;61;Tema 7 - Derecho Civil;Código Civil. De los españoles y extranjeros. Las concesiones de la nacionalidad por carta de naturaleza o por residencia caducan si en el plazo indicado el interesado no comparece ante funcionario competente para cumplir los requisitos del artículo 23. ¿Cuál es ese plazo?;45
2026-09-27;tema-9_banco-completo.csv;246;Tema 9 - Derecho Procesal Penal;Ley del Estatuto de la víctima del delito. El Estatuto de la víctima del delito entró en vigor:;46
2026-09-27;tema-10_banco-completo.csv;94;Tema 10 - Derecho Administrativo;Ley del Procedimiento Administrativo Común de las Administraciones Públicas. Acuerdo de iniciación en los procedimientos sancionadores. Cuando al dictar el acuerdo de iniciación no existan elementos suficientes para la calificación inicial de los hechos, esta podrá realizarse en una fase posterior mediante:;47
2026-09-27;tema-11_banco_completo.csv;61;Tema 11 - Protección de datos;Ley Orgánica de Protección de Datos Personales y garantía de los derechos digitales. Responsable y encargado del tratamiento. ¿Quién puede fijar excepciones a la obligación de bloqueo cuando la mera conservación de los datos, incluso bloqueados, pudiera generar un riesgo elevado o un coste desproporcionado?;48
2026-09-27;tema-12_banco-completo.csv;402;Tema 12 - Extranjería. Inmigración;Ley Orgánica sobre derechos y libertades de los extranjeros en España y su integración social. Infracciones leves. Un extranjero titular de una autorización inicial de residencia y trabajo para hostelería en Murcia es hallado trabajando en la construcción en Almería. Comete:;49
2026-09-27;tema-13_banco-completo.csv;362;Tema 13 - Seguridad pública y seguridad privada;Ley Orgánica de protección de la seguridad ciudadana. Ejecución de la sanción. Cuando las sanciones hayan sido impuestas por la Administración General del Estado, los órganos y procedimientos de recaudación ejecutiva serán los establecidos en:;50
2026-09-27;tema-14_banco_250.csv;205;Tema 14 - Ministerio del Interior. Ministerio de Defensa;Real Decreto por el que se desarrolla la estructura orgánica básica del Ministerio del Interior. La elaboración anual de la oferta de empleo del Ministerio del Interior corresponde a:;51
2026-09-27;tema-15_lote-2.csv;298;Tema 15 - Fuerzas y Cuerpos de Seguridad. Guardia Civil;Historia de la Guardia Civil. El franquismo. Para potenciar la formación de los cuadros de mando se crea en 1942:;52
2026-09-27;tema-16_banco-completo.csv;72;Tema 16 - Materias socio-culturales;Ley del Patrimonio Natural y de la Biodiversidad. Conocimientos tradicionales. Respecto de los conocimientos y prácticas de utilización consuetudinaria de interés para la conservación, las Administraciones públicas:;53
2026-09-27;tema-17_BANCO_COMPLETO.csv;214;Tema 17 - Materias técnico-científicas;Principios y recomendaciones básicas en Ciberseguridad del CCN-CERT. Introducción. Entre los elementos que supone implementar la seguridad, ¿cuál consiste en la observación continua de las medidas de seguridad y su adecuación a la aparición de nuevas tecnologías?;54
2026-09-27;tema-18_banco-completo.csv;9;Tema 18 - Topografía;Topografía. Unidades geométricas de medida. ¿A cuántas milésimas artilleras equivale un ángulo de 180 grados sexagesimales?;55
2026-09-27;tema-19_banco-final.csv;92;Tema 19 - Deontología profesional;Real Decreto por el que se aprueba el Código de Conducta del personal de la Guardia Civil. Decálogo de los miembros de la Guardia Civil. El punto dedicado a la «Serenidad y empleo de la fuerza» ocupa en el Decálogo el lugar:;56
2026-09-27;tema-22_banco-completo.csv;244;Tema 22 - Armas y explosivos;Reglamento de Explosivos. Depósitos de explosivos. La capacidad máxima de los depósitos subterráneos de explosivos será de:;57
2026-09-27;tema-23_banco-completo.csv;208;Tema 23 - Derecho Fiscal;Reglamento por el que se establece el Código Aduanero de la Unión. Definiciones. ¿Cuál de las siguientes tiene la consideración de operación de transformación según el código?;58
2026-09-27;tema-1_400-optimizado.csv;28;Tema 1 - Derechos Humanos;Protocolo Facultativo de la Convención contra la Tortura. Ninguna autoridad o funcionario ordenará, aplicará, permitirá o tolerará sanción alguna contra una persona u organización por haber comunicado al mecanismo nacional de prevención cualquier información:;59
2026-09-27;tema-2_banco_optimizado.csv;153;Tema 2 - Igualdad efectiva de mujeres y hombres;Ley Orgánica para la igualdad efectiva de mujeres y hombres. El principio de igualdad en el empleo público. Para facilitar la promoción profesional de las empleadas públicas y su acceso a puestos directivos en la Administración General del Estado, en las convocatorias de los correspondientes cursos de formación se reservará para ellas:;60
2026-09-27;tema-3_banco-completo.csv;151;Tema 3 - Prevención de riesgos laborales;Real Decreto de adaptación de la legislación de prevención de riesgos laborales a la Administración General del Estado. Podrá adoptarse un sistema de designación de Delegados de Prevención distinto del general, conforme al artículo 35.4 de la Ley 31/1995:;61
2026-09-27;tema-5_banco_completo.csv;225;Tema 5 - Derecho de la Unión Europea;Tratado de Funcionamiento de la Unión Europea. Disposiciones institucionales. ¿Quién elaborará el proyecto para hacer posible la elección de los diputados al Parlamento Europeo por sufragio universal directo con un procedimiento uniforme o con principios comunes?;62
2026-09-27;tema_06_Banco_Preguntas.csv;82;Tema 6 - Instituciones internacionales;Instituciones Internacionales. Organización del Tratado del Atlántico Norte. ¿En qué año participó la OTAN en su primera operación importante de gestión de crisis, en Bosnia y Herzegovina?;63
2026-09-27;tema-7_banco-completo.csv;274;Tema 7 - Derecho Civil;Código Civil. De la guarda y acogimiento de menores. El acogimiento familiar requerirá el consentimiento de los acogedores y del menor acogido si tuviera suficiente madurez y, en todo caso, si fuera mayor de…:;64
2026-09-27;tema-9_banco-completo.csv;157;Tema 9 - Derecho Procesal Penal;Ley de Enjuiciamiento Criminal. Del derecho de defensa y del tratamiento de detenidos y presos. Cuando la restricción de los derechos del detenido sea solicitada por la Policía Judicial o por el Ministerio Fiscal, las medidas instadas se entenderán acordadas por un plazo máximo de:;65
2026-09-27;tema-10_banco-completo.csv;44;Tema 10 - Derecho Administrativo;Ley del Procedimiento Administrativo Común de las Administraciones Públicas. Obligación de relacionarse electrónicamente. La obligación de relacionarse por medios electrónicos para determinados procedimientos y ciertos colectivos de personas físicas con acceso acreditado a dichos medios podrá establecerse:;66
2026-09-27;tema-11_banco_completo.csv;50;Tema 11 - Protección de datos;Ley Orgánica de Protección de Datos Personales y garantía de los derechos digitales. Autoridades de protección de datos. ¿Cuál de los siguientes forma parte de los medios con que cuenta la Agencia para el cumplimiento de sus fines?;67
2026-09-27;tema-12_banco-completo.csv;93;Tema 12 - Extranjería. Inmigración;Ley Orgánica sobre derechos y libertades de los extranjeros en España y su integración social. Régimen de admisión a efectos de estudios. La autorización de estancia por estudios se prorrogará, en cada prórroga, con el límite de:;68
2026-09-27;tema-13_banco-completo.csv;266;Tema 13 - Seguridad pública y seguridad privada;Ley Orgánica de protección de la seguridad ciudadana. Obligaciones de registro documental. Entre las actividades sujetas a obligaciones de registro documental e información figura la venta a particulares de:;69
2026-09-27;tema-14_banco_250.csv;15;Tema 14 - Ministerio del Interior. Ministerio de Defensa;Real Decreto por el que se desarrolla la estructura orgánica básica del Ministerio del Interior. La representación ordinaria del Ministerio del Interior corresponde a:;70
2026-09-27;tema-15_lote-2.csv;177;Tema 15 - Fuerzas y Cuerpos de Seguridad. Guardia Civil;Ley Orgánica reguladora de los derechos y deberes de los miembros de la Guardia Civil. De las asociaciones profesionales. El régimen económico de las asociaciones profesionales de guardias civiles está sometido a los principios de:;71
2026-09-27;tema-16_banco-completo.csv;325;Tema 16 - Materias socio-culturales;Ley del Sistema Nacional de Protección Civil. Memoria anual del Sistema Nacional. ¿Ante qué órgano eleva el Gobierno la memoria anual que permite valorar la eficacia del Sistema Nacional de Protección Civil?;72
2026-09-27;tema-17_BANCO_COMPLETO.csv;281;Tema 17 - Materias técnico-científicas;Ley reguladora de determinados aspectos de los servicios electrónicos de confianza. Identidad y atributos de los titulares de certificados cualificados. En los certificados de firma electrónica expedidos a personas físicas, la identidad se consignará por:;73
2026-09-27;tema-18_banco-completo.csv;154;Tema 18 - Topografía;Topografía. Unidades geométricas de medida. Según el temario, ¿qué escala se utiliza habitualmente para representar planos de viviendas?;74
2026-09-27;tema-19_banco-final.csv;7;Tema 19 - Deontología profesional;Real Decreto por el que se aprueba el Código de Conducta del personal de la Guardia Civil. Según el artículo 5, los procesos selectivos para el acceso directo a las diferentes escalas de la Guardia Civil contemplarán el contenido del Código de Conducta:;75
2026-09-27;tema-22_banco-completo.csv;211;Tema 22 - Armas y explosivos;Reglamento de Explosivos. Divisiones de riesgo. Las materias y objetos que presentan un riesgo de incendio con ligero riesgo de efectos de onda expansiva o de proyección, pero sin riesgo de explosión en masa, se adscriben a la división:;76
2026-09-27;tema-23_banco-completo.csv;32;Tema 23 - Derecho Fiscal;Ley Orgánica de represión del contrabando. Definiciones. Además de los artículos cuya producción o comercio se atribuye por ley al Estado en régimen de monopolio, la Ley incluye expresamente entre los géneros o efectos estancados:;77
2026-09-27;tema-1_400-optimizado.csv;14;Tema 1 - Derechos Humanos;Carta de los Derechos Fundamentales de la Unión Europea. Solidaridad. ¿Cuál de los siguientes instrumentos vincula expresamente la protección del medio ambiente al principio de desarrollo sostenible?;78
2026-09-27;tema-2_banco_optimizado.csv;5;Tema 2 - Igualdad efectiva de mujeres y hombres;Ley Orgánica para la igualdad efectiva de mujeres y hombres. El principio de igualdad y la tutela contra la discriminación. ¿Cuándo puede cualquier persona recabar de los tribunales la tutela del derecho a la igualdad entre mujeres y hombres?;79
2026-09-27;tema-3_banco-completo.csv;103;Tema 3 - Prevención de riesgos laborales;Ley de Prevención de Riesgos Laborales. Si el cambio de puesto de la trabajadora embarazada no resultara técnica u objetivamente posible, podrá declararse su paso a la situación de:;80
2026-09-27;tema-5_banco_completo.csv;298;Tema 5 - Derecho de la Unión Europea;Tratado de Funcionamiento de la Unión Europea. Disposiciones generales y finales. La Unión gozará en cada Estado miembro de la más amplia capacidad jurídica que las legislaciones nacionales reconocen a las personas jurídicas y, con carácter general, estará representada por:;81
2026-09-27;tema_06_Banco_Preguntas.csv;271;Tema 6 - Instituciones internacionales;Instituciones Internacionales. Organización Mundial de la Salud (OMS). Entre las funciones principales del Consejo Ejecutivo de la OMS se encuentra:;82
2026-09-27;tema-7_banco-completo.csv;205;Tema 7 - Derecho Civil;Código Civil. De la paternidad y filiación. El marido podrá ejercitar la acción de impugnación de la paternidad en el plazo de…:;83
2026-09-27;tema-9_banco-completo.csv;278;Tema 9 - Derecho Procesal Penal;Ley de Enjuiciamiento Criminal. De la competencia de los Jueces y Tribunales en lo criminal. Supuesto: una persona falsifica un documento mercantil para, con él, cometer una estafa. A efectos de competencia, ambos delitos:;84
2026-09-27;tema-10_banco-completo.csv;23;Tema 10 - Derecho Administrativo;Ley de Régimen Jurídico del Sector Público. Disposición Final 3.ª. Del Gobierno en funciones. ¿Cuál de las siguientes facultades NO podrá ejercer el Gobierno en funciones?;85
2026-09-27;tema-11_banco_completo.csv;35;Tema 11 - Protección de datos;Ley Orgánica de Protección de Datos Personales y garantía de los derechos digitales. Procedimientos en caso de posible vulneración de la normativa de protección de datos. Admisión a trámite de las reclamaciones. La Agencia remite una reclamación al responsable, que no ha designado delegado ni está adherido a mecanismos extrajudiciales, para que responda. ¿De qué plazo dispone?;86
2026-09-27;tema-12_banco-completo.csv;201;Tema 12 - Extranjería. Inmigración;Ley Orgánica sobre derechos y libertades de los extranjeros en España y su integración social. Plazo máximo para resolución de expedientes. Transcurrido el plazo general para notificar las resoluciones de las solicitudes de autorizaciones, salvo en los supuestos del apartado 2, éstas:;87
2026-09-27;tema-13_banco-completo.csv;275;Tema 13 - Seguridad pública y seguridad privada;Ley de Seguridad Privada. Principios rectores. Cuando el personal de seguridad privada desempeñe sus funciones en entidades que presten servicios esenciales o donde la seguridad se haya impuesto obligatoriamente, en el ejercicio del derecho de huelga:;88
2026-09-27;tema-14_banco_250.csv;7;Tema 14 - Ministerio del Interior. Ministerio de Defensa;Real Decreto por el que se desarrolla la estructura orgánica básica del Ministerio del Interior. ¿Cuántos órganos con nivel orgánico de subdirección general dependen de la Dirección General de Relaciones Internacionales y Extranjería?;89
2026-09-27;tema-15_lote-2.csv;141;Tema 15 - Fuerzas y Cuerpos de Seguridad. Guardia Civil;Ley Orgánica reguladora de los derechos y deberes de los miembros de la Guardia Civil. Del ejercicio de derechos fundamentales. Los guardias civiles son titulares de los derechos fundamentales y libertades públicas reconocidos en la Constitución, sin otros límites que los establecidos:;90
2026-09-27;tema-16_banco-completo.csv;293;Tema 16 - Materias socio-culturales;Directiva relativa a la eficiencia energética. Adquisición por los organismos públicos. Los Estados animarán a los organismos públicos a evaluar, en las licitaciones de contratos de servicios con componente energética importante, la posibilidad de celebrar:;91
2026-09-27;tema-17_BANCO_COMPLETO.csv;2;Tema 17 - Materias técnico-científicas;Ley reguladora de determinados aspectos de los servicios electrónicos de confianza. Obligaciones de los prestadores de servicios electrónicos de confianza. ¿Por qué importe mínimo deberá constituir un seguro de responsabilidad civil el prestador cualificado privado que preste un único servicio cualificado?;92
2026-09-27;tema-18_banco-completo.csv;125;Tema 18 - Topografía;Topografía. Unidades geométricas de medida. ¿Cuántos centímetros cuadrados tiene un metro cuadrado?;93
2026-09-27;tema-19_banco-final.csv;94;Tema 19 - Deontología profesional;Principios Básicos sobre el Empleo de la Fuerza y de Armas de Fuego por los Funcionarios Encargados de Hacer Cumplir la Ley. ¿Dónde y cuándo fueron adoptados los Principios Básicos sobre el Empleo de la Fuerza y de Armas de Fuego?;94
2026-09-27;tema-22_banco-completo.csv;335;Tema 22 - Armas y explosivos;Reglamento de Explosivos. Transporte marítimo. Ninguna embarcación se podrá abarloar a otra cargada con materias reglamentadas sin:;95
2026-09-27;tema-23_banco-completo.csv;156;Tema 23 - Derecho Fiscal;Ley Orgánica de represión del contrabando. Enajenación anticipada. Las mercancías que, sin sufrir deterioro material, se deprecian por el transcurso del tiempo:;96
2026-09-27;tema-1_400-optimizado.csv;309;Tema 1 - Derechos Humanos;Consejo de Derechos Humanos de la ONU. Según la Resolución 60/251, los miembros elegidos al Consejo, durante el período en que sean miembros:;97
2026-09-27;tema-2_banco_optimizado.csv;105;Tema 2 - Igualdad efectiva de mujeres y hombres;Ley Orgánica para la igualdad efectiva de mujeres y hombres. El derecho al trabajo en igualdad de oportunidades. Con el fin de obtener el distintivo para las empresas en materia de igualdad, podrán presentar al Ministerio competente un balance sobre los parámetros de igualdad implantados:;98
2026-09-27;tema-3_banco-completo.csv;169;Tema 3 - Prevención de riesgos laborales;Real Decreto de adaptación de la legislación de prevención de riesgos laborales a la Administración General del Estado. ¿Cuál de las siguientes NO es una de las modalidades de organización de los recursos preventivos previstas en el real decreto?;99
2026-09-27;tema-5_banco_completo.csv;218;Tema 5 - Derecho de la Unión Europea;Tratado de Funcionamiento de la Unión Europea. Cooperación con terceros países y ayuda humanitaria. Las acciones de ayuda humanitaria de la Unión tendrán por objeto, en casos concretos, prestar asistencia y socorro a las poblaciones de:;100
2026-09-27;tema_06_Banco_Preguntas.csv;288;Tema 6 - Instituciones internacionales;Instituciones Internacionales. INTERPOL. ¿Dónde quedó establecida la primera sede de la Comisión Internacional de Policía Criminal?;101
2026-09-27;tema-7_banco-completo.csv;223;Tema 7 - Derecho Civil;Código Civil. De los alimentos entre parientes. ¿A petición de quién ordenará el Juez con urgencia las medidas cautelares oportunas para asegurar los anticipos que haga una Entidad pública u otra persona y proveer a las futuras necesidades?;102
2026-09-27;tema-9_banco-completo.csv;66;Tema 9 - Derecho Procesal Penal;Ley de Enjuiciamiento Criminal. De la querella. La querella por delito que solo pueda perseguirse a instancia de parte se entenderá abandonada cuando el querellante deje de instar el procedimiento dentro de los siguientes días a la notificación del auto que así lo acuerde:;103
2026-09-27;tema-10_banco-completo.csv;6;Tema 10 - Derecho Administrativo;Ley del Procedimiento Administrativo Común de las Administraciones Públicas. Silencio administrativo. El certificado acreditativo del silencio producido se expedirá de oficio por el órgano competente para resolver en el plazo de:;104
2026-09-27;tema-11_banco_completo.csv;14;Tema 11 - Protección de datos;Ley Orgánica de Protección de Datos Personales y garantía de los derechos digitales. Principios de protección de datos. Según el artículo 6.1, el consentimiento del afectado es toda manifestación de voluntad:;105
2026-09-27;tema-12_banco-completo.csv;71;Tema 12 - Extranjería. Inmigración;Ley Orgánica sobre derechos y libertades de los extranjeros en España y su integración social. Tipos de visado. El visado de estudios habilita a permanecer en España para realizar, entre otras actividades:;106
2026-09-27;tema-13_banco-completo.csv;288;Tema 13 - Seguridad pública y seguridad privada;Ley Orgánica de protección de la seguridad ciudadana. Régimen sancionador. La falta de colaboración con las Fuerzas y Cuerpos de Seguridad en la averiguación de delitos o en la prevención de acciones que pongan en riesgo la seguridad ciudadana, en los supuestos del art. 7, es:;107
2026-09-27;tema-14_banco_250.csv;171;Tema 14 - Ministerio del Interior. Ministerio de Defensa;Real Decreto por el que se desarrolla la estructura orgánica básica del Ministerio de Defensa. Las relaciones del Ministerio de Defensa con los órganos de gobierno de la jurisdicción militar, la Fiscalía Togada y la Abogacía General del Estado corresponden a:;108
2026-09-27;tema-15_lote-2.csv;127;Tema 15 - Fuerzas y Cuerpos de Seguridad. Guardia Civil;Ley de Régimen del Personal de la Guardia Civil. Escalas, categorías y empleos. Dentro de cada categoría, los guardias civiles están ordenados por empleos y, dentro de éstos, por:;109
2026-09-27;tema-16_banco-completo.csv;399;Tema 16 - Materias socio-culturales;Ley del Patrimonio Natural y de la Biodiversidad. Principios. En las intervenciones que puedan afectar a espacios naturales o especies silvestres, la ley consagra el principio de:;110
2026-09-27;tema-17_BANCO_COMPLETO.csv;38;Tema 17 - Materias técnico-científicas;Ley reguladora de determinados aspectos de los servicios electrónicos de confianza. Revocación y suspensión de los certificados electrónicos. Si se advierte que los mecanismos criptográficos utilizados para generar los certificados no cumplen los estándares de seguridad mínimos, el prestador:;111
2026-09-27;tema-18_banco-completo.csv;195;Tema 18 - Topografía;Topografía. Unidades geométricas de medida. Una finca de 35.000 metros cuadrados tiene una superficie de:;112
2026-09-27;tema-19_banco-final.csv;138;Tema 19 - Deontología profesional;Real Decreto por el que se aprueba el Código de Conducta del personal de la Guardia Civil. Código de Conducta. Al llevar a cabo actuaciones en el seno de una investigación, los guardias civiles deberán:;113
2026-09-27;tema-22_banco-completo.csv;109;Tema 22 - Armas y explosivos;Reglamento de Armas. Enajenación a comerciantes. Cuando un particular enajena un arma de fuego a un comerciante debidamente autorizado, este deberá:;114
2026-09-27;tema-23_banco-completo.csv;131;Tema 23 - Derecho Fiscal;Ley Orgánica de represión del contrabando. Penalidad. Cuando el delito de contrabando se cometa por medio o en beneficio de personas, entidades u organizaciones de cuya naturaleza o actividad pudiera derivarse una facilidad especial para su comisión, se impondrá:;115
2026-09-27;tema-9_banco-completo.csv;104;Tema 9 - Derecho Procesal Penal;Ley de Enjuiciamiento Criminal. Del cuerpo del delito. El profesor que informe como perito en análisis químicos por orden judicial no estará obligado a trabajar, salvo en casos urgentes o extraordinarios, más de:;116
2026-09-27;tema-10_banco-completo.csv;278;Tema 10 - Derecho Administrativo;Ley de Régimen Jurídico del Sector Público. Conferencia de Presidentes. La Conferencia de Presidentes está asistida para la preparación de sus reuniones por un Comité preparatorio del que forman parte:;117
2026-09-27;tema-12_banco-completo.csv;335;Tema 12 - Extranjería. Inmigración;Ley Orgánica sobre derechos y libertades de los extranjeros en España y su integración social. Exclusión del ámbito de la ley. Quedan excluidos del ámbito de aplicación de esta Ley Orgánica, entre otros:;118
2026-09-27;tema-13_banco-completo.csv;65;Tema 13 - Seguridad pública y seguridad privada;Ley Orgánica de protección de la seguridad ciudadana. Controles en las vías públicas. ¿Para la prevención de qué delitos podrán establecerse controles en vías, lugares o establecimientos públicos conforme al art. 17.2?;119
2026-09-27;tema-15_lote-2.csv;241;Tema 15 - Fuerzas y Cuerpos de Seguridad. Guardia Civil;Estructura orgánica de los Servicios Centrales de la Dirección General de la Guardia Civil. La elaboración y ejecución del Plan Estadístico de la Guardia Civil corresponde:;120
2026-09-27;tema_06_Banco_Preguntas.csv;84;Tema 6 - Instituciones internacionales;Instituciones Internacionales. FRONTEX. Según el temario, ¿cuál es el instrumento por el que se rigen todas las actividades de Frontex?;25
2026-09-27;tema-2_banco_optimizado.csv;59;Tema 2 - Igualdad efectiva de mujeres y hombres;Ley Orgánica para la igualdad efectiva de mujeres y hombres. El principio de igualdad y la tutela contra la discriminación. En un proceso por discriminación laboral, la trabajadora demandante solicita al juez que pida un informe a la Inspección de Trabajo sobre la situación de la empresa. Según la Ley, el órgano judicial:;22
