publicacion;carpeta;gancho
2026-09-27;Curiosidad_02;¿Por qué la llaman «la Benemérita»?
2026-09-28;Curiosidad_01;¿De dónde sale el tricornio?
2026-09-29;Curiosidad_03;¿Por qué sus unidades se llamaron «Tercios»?
2026-09-30;Curiosidad_04;¿Quién es la patrona de la Guardia Civil?
2026-10-01;Curiosidad_05;¿Cuándo sonó por primera vez su himno?
2026-10-02;Curiosidad_06;¿Cuál fue su pistola más longeva?
2026-10-03;Curiosidad_07;¿Cuáles fueron sus primeros vehículos?
2026-10-04;Curiosidad_08;¿Desde cuándo vigila el tráfico?
2026-10-05;Curiosidad_09;¿Cuándo empezó a volar la Guardia Civil?
2026-10-06;Curiosidad_10;¿Cuándo nació el SEPRONA?
2026-10-07;Curiosidad_11;¿Cuándo nació el Servicio Marítimo?
2026-10-08;Curiosidad_12;¿Había mujeres en la Guardia Civil antes de 1988?
2026-10-09;Curiosidad_13;¿Qué pasó con los Carabineros?
2026-10-10;Curiosidad_14;¿Cuál fue su primer servicio en Madrid?
2026-10-11;Curiosidad_16;¿Quién tuvo la idea antes que nadie?
2026-10-12;Curiosidad_17;¿Por qué se llamaban «bandoleros»?
2026-10-13;Curiosidad_18;¿Qué es la Cartilla del Guardia Civil?
2026-10-14;Curiosidad_19;¿Dónde se forman los guardias civiles?
2026-10-15;Curiosidad_20;¿Qué es el Colegio de Guardias Jóvenes?
2026-10-16;Curiosidad_21;¿Desde cuándo trabaja en el extranjero?
2026-10-17;Curiosidad_22;¿Qué es EUROGENDFOR?
22;Curiosidad_23;¿Tiene la Guardia Civil «primas» en Europa?
23;Curiosidad_24;¿Cuándo se crearon las Zonas?
24;Curiosidad_25;¿Dónde estuvo la primera Academia de oficiales?
25;Curiosidad_26;¿Desde cuándo escolta los trenes?
26;Curiosidad_27;¿La Guardia Civil es militar o policía?
27;Curiosidad_28;¿Hay que saber topografía para aprobar?
28;Curiosidad_29;¿Cuántos temas tiene la oposición?
29;Curiosidad_30;¿Qué artículo cae más en el examen?
30;Curiosidad_15;¿Cuántos eran al principio?
31;Nuevo_01_Emblema;¿Qué significa el emblema de la Guardia Civil?
32;Nuevo_02_Decretos;¿Sabías que la Guardia Civil se fundó dos veces?
33;Nuevo_03_Museo;¿Tiene la Guardia Civil su propio museo?
34;Nuevo_04_GEAS;¿Guardias civiles bajo el agua?
35;Nuevo_05_UCO;¿Desde cuándo existe la UCO?
36;Nuevo_06_Perros;¿Desde cuándo tiene perros la Guardia Civil?
37;Nuevo_07_UEI;¿Cómo nació la UEI?
38;Nuevo_08_GAR;¿De dónde viene el GAR?
39;Nuevo_09_TEDAX;¿Desde cuándo desactiva bombas?
40;Nuevo_10_Caballeria;¿La Guardia Civil aún tiene caballos?
41;Nuevo_11_Coronel;¿Hay ya mujeres coronel en la Guardia Civil?
42;Nuevo_A01;¿Por qué nació con dos reglamentos?
43;Nuevo_A02;¿De qué color era el primer uniforme?
44;Nuevo_A03;¿Por qué viven en casas-cuartel?
45;Nuevo_A04;¿Dónde nació el Duque de Ahumada?
46;Nuevo_A05;¿Cuánto tiempo dirigió Ahumada el Cuerpo?
47;Nuevo_A06;¿Sabías que Ahumada resultó herido?
48;Nuevo_A07;¿Hubo Guardia Civil en Cuba?
49;Nuevo_A08;¿Hubo Guardia Civil en Filipinas?
50;Nuevo_A09;¿Qué era la Guardia Civil Veterana?
51;Nuevo_A10;¿Desde cuándo es políticamente neutral?
52;Nuevo_D01;¿Quién rescata en la montaña?
53;Nuevo_D02;¿Desde cuándo usa la Guardia Civil las huellas?
54;Nuevo_D03;¿Desde cuándo persigue delitos en Internet?
55;Nuevo_D04;¿Qué es la UCOMA?
56;Nuevo_D05;¿Cuál es el mayor barco de la Guardia Civil?
57;Nuevo_D06;¿La Guardia Civil tiene aviones?
58;Nuevo_D07;¿Quién vigila los drones en el cielo?
59;Nuevo_D08;¿Qué son los EMUME?
60;Nuevo_D09;¿Quién protege el campo de los robos?
61;Nuevo_D10;¿Quién lucha contra el contrabando?
62;Nuevo_B01;¿Cuándo llegó la radio a la Guardia Civil?
63;Nuevo_B02;¿Siempre fue verde el uniforme?
64;Nuevo_B03;¿Qué es el Colegio Infanta María Teresa?
65;Nuevo_B04;¿Sabías que inspiró la policía de El Salvador?
66;Nuevo_B05;¿Desde cuándo tiene Estado Mayor?
67;Nuevo_B06;¿Quiénes fueron los primeros sin uniforme?
68;Nuevo_B07;¿Cuándo se abrieron las Academias Regionales?
69;Nuevo_B08;¿Desde cuándo tiene revista propia?
70;Nuevo_B09;¿Quién guarda la memoria de la Guardia Civil?
71;Nuevo_B10;¿Cuál fue su primer grupo operativo?
72;Nuevo_C01;¿Nombra la Constitución a la Guardia Civil?
73;Nuevo_C02;¿Qué ley rige a todas las policías de España?
74;Nuevo_C03;¿Ha dirigido una mujer la Guardia Civil?
75;Nuevo_C04;¿Pueden los guardias civiles hacer huelga?
76;Nuevo_C05;¿Eligen los guardias a sus representantes?
77;Nuevo_C06;¿Tiene su propio régimen disciplinario?
78;Nuevo_C07;¿A qué edad se retira un guardia civil?
79;Nuevo_C08;¿Quién responde cuando llamas al 062?
80;Nuevo_C09;¿Puedes avisar a la Guardia Civil sin llamar?
81;Nuevo_C10;¿Tiene la Guardia Civil su propio decálogo?
82;Nuevo_E01;¿Cuándo tuvo su primera bandera?
83;Nuevo_E02;¿Tiene la Guardia Civil sus propias medallas?
84;Nuevo_E03;¿Quién recibió la primera Gran Cruz?
85;Nuevo_E04;¿Cuántos empleos hay de guardia a general?
86;Nuevo_E05;¿Por qué el cuartel se llama «Puesto»?
87;Nuevo_E06;¿Por qué les llaman «picoletos»?
88;Nuevo_E07;¿Qué poema de Lorca habla de la Guardia Civil?
89;Nuevo_E08;¿Tiene la Guardia Civil su propia moneda?
90;Nuevo_E09;¿Por qué patrullan en pareja?
91;Nuevo_E10;¿Qué medalla recibió el príncipe Felipe?
